ID,TopConfigs
layout:nlp:default:b2fdde3b72980907578648774101543e,150;315;862;269;76;391;406;263;303;765;534;66;661;834;405;680;419;818;500;427;811;290;317;134;96;61;217;989;504;615;191;714;153;997;468;300;794;22;11;176;380;362;561;312;554;709;951;384;528;211;629;982;449;20;668;845;17;873;631;724;712;815;831;966;618;281;147;775;937;943;144;341;894;848;944;348;151;334;82;758;549;254;780;42;124;602;453;6;506;971;135;2;883;43;415;840;753;792;515;28;985;342;819;824;646;387;778;129;241;511;731;657;584;630;408;777;874;885;396;297;524;599;376;931;881;120;776;111;458;475;503;259;340;256;774;294;537;55;558;588;366;265;880;175;461;465;185;63;97;279;833;65;345;970;443;204;409;329;133;964;205;240;21;152;879;546;930;429;355;93;979;974;828;510;603;228;858;455;50;854;188;567;589;385;740;700;410;926;948;633;548;280;258;165;26;107;149;867;570;363;717;640;573;423;899;822;497;203;440;194;249;676;13;490;895;180;444;992;530;706;209;756;299;918;837;401;956;445;372;470;963;766;968;336;108;255;72;287;36;625;672;25;38;331;606;322;266;291;764;260;687;30;697;304;821;718;349;234;189;448;420;585;890;860;866;977;37;472;62;218;18;727;140;786;967;459;92;354;80;381;954;451;247;917;383;820;674;1;436;411;613;462;772;617;509;578;489;645;46;161;648;806;253;670;159;213;162;114;57;479;308;274;755;492;855;916;906;395;773;116;521;373;983;919;307;273;544;654;229;711;701;593;813;592;832;227;364;494;733;741;276;643;545;518;192;24;541;502;463;679;904;378;328;206;703;493;333;69;74;183;324;158;48;498;722;127;689;434;878;841;101;298;267;51;356;68;719;556;908;142;868;390;728;327;428;540;325;562;58;225;665;278;184;413;961;466;89;382;757;262;202;835;532;598;275;31;814;88;736;932;737;563;553;999;173;261;126;145;309;519;45;99;800;35;360;477;399;857;437;990;49;320;998;357;565;889;900;576;925;512;527;40;745;707;125;781;286;238;950;543;604;513;747;187;688;844;713;627;946;843;222;695;660;823;474;402;793;723;619;398;940;246;807;433;803;314;311;743;651;361;557;637;945;575;397;876;245;887;536;284;539;535;705;699;849;359;638;847;763;0;87;559;642;75;215;421;416;121;90;684;164;456;628;193;787;131;473;962;850;934;949;52;658;804;566;332;160;664;95;768;170;928;388;178;210;517;516;693;446;244;817;239;669;909;483;769;810;751;27;179;394;208;424;644;761;749;447;721;715;426;156;201;614;337;100;622;123;34;691;662;115;288;624;732;118;375;196;4;533;560;480;882;23;914;636;830;955;389;725;612;214;198;799;538;838;212;611;569;282;19;242;784;825;163;54;347;892;935;626;79;70;601;960;32;827;319;330;667;83;104;94;677;805;552;888;231;809;248;655;816;767;913;938;901;77;418;98;678;650;73;351;980;682;293;884;898;285;350;374;60;166;181;903;168;941;579;893;730;547;583;508;783;469;400;726;155;808;595;829;760;590;853;891;720;591;912;370;582;478;770;607;798;128;656;927;343;836;564;197;422;852;987;306;750;791;685;352;572;103;581;739;609;859;137;605;59;302;683;430;277;8;910;735;870;864;994;555;929;467;842;339;219;746;520;729;795;232;296;230;957;632;981;457;220;190;174;634;146;113;283;790;973;365;861;995;869;452;871;759;571;495;110;358;12;501;252;186;171;856;177;221;132;752;673;47;580;148;675;223;762;310;600;64;379;610;305;704;663;335;450;911;236;318;41;907;216;635;102;826;608;16;172;10;952;268;481;923;526;270;272;551;488;653;692;649;577;105;295;796;224;623;169;696;7;647;53;972;754;109;988;130;666;301;975;289;143;659;139;404;523;86;574;716;984;550;323;442;896;386;251;505;958;106;698;9;902;15;863;482;996;136;872;157;435;802;393;78;487;738;485;976;639;138;744;117;594;122;439;85;84;313;597;986;978;525;200;29;392;207;486;257;476;789;441;779;33;942;316;694;414;182;367;484;596;846;112;936;621;431;154;921;993;377;514;969;875;326;652;702;959;641;199;371;947;499;797;522;353;471;491;953;587;67;39;167;368;933;417;531;264;496;748;812;708;507;586;412;454;920;5;991;710;432;915;56;788;865;321;292;250;195;233;464;965;119;529;877;3;438;924;344;886;839;271;338;14;734;141;403;897;568;91;742;686;407;71;346;671;237;81;620;616;922;425;44;226;369;243;681;785;801;905;235;542;851;690;460;782;939;771
layout:nlp:default:29886a50d55cfe77a9497bc906c76ce9,187;767;654;158;92;652;546;764;884;29;340;593;530;139;443;690;701;109;169;349;612;178;661;348;973;599;843;354;936;607;122;356;162;579;424;498;218;74;818;741;42;250;500;369;48;406;427;190;620;796;749;213;918;743;38;911;603;166;757;849;860;291;419;944;987;360;137;154;903;331;830;591;563;840;180;927;25;847;334;881;506;333;570;760;407;679;979;12;974;215;562;175;636;237;556;395;233;666;920;113;728;240;103;528;709;150;515;833;223;723;415;432;124;78;107;919;222;288;217;87;363;754;47;541;703;899;943;971;730;906;824;442;862;345;198;609;568;874;838;241;800;247;511;186;990;391;504;420;100;893;539;526;991;455;854;238;832;301;33;257;902;157;721;72;330;326;30;463;683;115;317;735;194;692;952;176;425;856;812;700;58;91;963;36;226;465;687;821;482;628;736;823;815;368;499;999;476;184;714;278;308;537;200;669;65;89;769;123;385;259;625;572;885;819;627;491;28;742;733;719;211;145;459;90;314;80;153;655;638;244;23;848;923;859;976;183;916;83;616;772;350;907;444;977;312;438;972;34;341;52;931;643;112;536;181;626;966;912;813;303;651;680;816;858;73;794;51;486;608;596;445;453;517;31;18;647;469;234;543;352;129;458;243;284;37;753;667;929;533;161;777;984;993;255;359;663;251;232;510;790;934;410;705;610;494;252;520;877;338;95;382;470;397;116;592;67;909;891;675;374;454;282;822;41;590;306;149;202;534;332;35;776;594;281;474;285;128;586;5;310;779;970;205;156;484;998;271;565;256;633;328;898;573;195;965;239;171;130;716;866;22;371;423;557;766;127;750;921;540;164;408;922;549;44;355;502;402;102;542;575;717;574;60;479;946;828;915;227;68;871;290;309;108;311;606;702;614;299;682;870;436;462;246;323;879;791;602;412;105;771;304;114;104;324;254;994;20;789;553;313;980;968;414;279;170;817;266;673;864;343;640;958;172;135;489;942;834;518;94;160;689;950;159;631;734;212;964;600;801;584;70;571;547;940;761;411;307;531;106;235;778;773;857;388;11;50;441;361;426;956;449;672;567;615;516;529;788;492;826;617;344;413;56;808;853;982;619;799;746;450;503;439;841;989;935;509;836;597;138;14;668;712;577;558;697;16;101;362;457;967;908;522;375;148;318;674;377;686;493;845;173;294;604;466;440;88;261;409;191;71;398;583;7;461;242;435;118;888;948;199;448;787;6;452;850;429;601;367;525;928;8;852;781;136;110;613;622;797;706;405;62;664;297;783;699;300;896;117;555;839;206;97;629;196;897;775;400;641;698;725;770;532;648;85;289;564;724;548;296;270;418;559;433;472;224;684;399;59;286;393;986;624;319;696;75;143;13;248;872;890;997;739;726;305;873;905;941;269;337;339;961;681;464;925;144;434;582;784;962;587;177;451;373;657;523;477;737;76;975;707;505;437;379;957;605;471;932;274;805;342;798;598;387;404;868;287;230;748;315;179;751;134;4;10;947;197;806;378;985;933;538;265;321;804;992;392;732;713;221;49;825;346;752;560;163;763;253;480;914;949;219;446;887;649;785;79;917;264;82;792;336;428;869;544;513;630;485;66;126;93;19;937;57;421;0;955;740;727;711;358;865;694;867;325;225;283;774;366;26;133;216;780;996;659;720;978;545;910;880;386;930;189;960;155;481;416;201;882;140;837;389;9;677;220;759;876;576;431;495;514;320;3;430;580;231;475;132;639;335;685;17;322;900;645;147;488;141;747;656;61;293;662;365;650;263;460;376;954;396;497;2;913;24;665;292;688;632;384;152;855;119;273;676;77;403;710;39;524;621;634;236;125;383;835;756;53;793;519;561;983;151;185;939;490;364;758;768;588;795;635;924;762;507;988;827;229;708;803;566;811;298;121;32;473;268;43;995;347;329;295;267;704;820;146;938;168;671;863;875;637;111;554;959;302;611;527;209;280;258;422;120;729;644;327;316;390;192;447;249;829;846;96;275;951;353;889;508;878;926;272;394;167;417;84;895;478;738;182;831;193;765;695;501;55;782;487;851;174;802;844;245;691;15;658;578;585;165;886;1;262;81;521;64;277;969;372;370;595;45;842;653;589;214;618;904;40;208;755;204;945;901;678;357;581;745;814;69;786;807;46;861;27;401;260;953;210;21;660;131;467;483;142;188;722;883;468;744;54;670;642;550;715;693;98;894;552;228;86;380;981;351;718;63;456;207;203;496;810;381;99;276;512;809;892;646;569;731;551;535;623
layout:nlp:default:7105451001e119f65b66570d170b94a8,446;841;91;309;790;648;597;858;811;593;727;196;742;527;932;935;351;919;723;657;639;290;154;886;842;794;444;138;251;390;187;570;368;112;955;430;982;382;941;897;415;923;453;853;25;780;34;340;647;665;617;860;166;912;700;758;966;805;77;834;84;218;569;971;721;975;819;787;36;887;456;188;296;937;890;203;173;603;277;119;73;535;558;543;48;755;131;32;949;725;921;51;544;457;645;815;395;594;470;494;628;198;50;954;660;116;914;378;574;294;563;630;109;428;619;601;625;938;275;246;880;637;714;355;332;990;773;40;679;167;538;889;413;783;385;260;278;847;405;638;229;427;381;564;895;148;674;859;150;191;486;60;968;533;846;286;80;323;692;993;500;483;164;495;448;778;334;469;642;983;106;854;879;440;220;716;909;259;760;509;460;315;279;920;23;994;926;978;68;66;324;256;988;366;709;345;984;35;512;347;643;211;480;718;789;214;680;620;83;38;264;450;582;365;78;521;539;633;799;689;321;996;304;705;736;868;678;182;552;857;622;449;681;41;481;165;432;888;545;530;55;893;980;524;747;613;145;232;292;833;206;761;669;316;965;739;902;986;632;19;140;726;916;670;534;961;209;641;974;991;74;823;585;930;380;411;221;913;905;532;439;644;454;146;369;683;884;250;908;883;623;979;566;270;61;759;441;869;149;589;777;616;337;571;1;416;950;584;362;852;793;97;122;867;305;344;591;103;466;15;238;514;712;171;69;862;357;848;124;894;958;482;577;468;262;58;4;186;317;850;808;856;785;516;233;710;189;426;817;151;825;946;399;779;565;640;818;26;600;722;838;96;484;962;299;37;117;181;872;137;499;311;743;501;796;158;653;969;803;829;588;363;396;20;161;491;654;970;93;45;403;490;567;424;492;839;133;215;551;791;741;127;795;143;578;694;130;873;266;775;462;353;985;268;100;393;407;172;314;562;487;298;433;782;831;329;375;476;320;204;322;561;331;812;690;350;431;948;464;702;442;559;568;295;928;195;57;401;998;542;436;769;33;792;943;522;0;245;766;288;318;118;445;301;62;717;526;649;866;364;677;85;511;22;635;129;306;489;731;443;497;547;767;973;663;325;855;383;765;47;976;104;346;72;892;865;212;505;370;587;327;126;11;664;328;276;208;801;272;200;447;960;685;281;485;896;284;579;738;989;125;786;244;28;265;891;178;964;541;217;458;744;162;754;102;225;228;573;924;629;310;900;235;379;67;326;9;372;572;333;740;611;43;864;898;303;7;467;704;163;207;836;800;113;707;157;213;174;6;307;650;768;771;784;289;546;557;13;474;870;348;699;105;520;271;746;342;554;882;963;553;496;412;972;185;273;282;863;110;452;764;506;465;525;752;400;247;81;508;807;776;488;910;192;374;386;813;280;615;451;610;373;515;560;179;519;925;673;956;52;356;391;144;437;518;64;871;774;658;434;76;729;575;147;86;686;676;981;668;701;576;947;472;992;89;226;606;504;845;781;513;27;254;675;406;904;438;861;418;402;336;397;843;911;614;234;205;414;236;929;627;132;417;435;687;12;210;359;111;510;592;471;224;987;757;517;108;53;733;698;605;24;945;529;835;39;903;762;63;750;816;612;319;263;874;156;222;107;65;922;824;194;849;788;728;806;291;927;2;548;160;598;142;82;666;312;190;463;636;283;152;136;706;21;899;672;330;822;810;999;959;94;455;29;634;599;556;75;933;54;16;549;243;804;120;71;798;724;939;248;651;285;748;523;797;661;586;977;394;711;540;907;354;237;751;732;10;49;832;193;596;361;696;308;917;802;671;219;667;881;537;659;153;652;387;95;87;128;155;231;90;367;170;425;199;885;720;358;528;302;772;159;703;844;338;429;957;267;297;360;821;389;828;878;56;352;398;258;749;876;422;967;252;944;423;626;123;201;240;901;44;875;242;719;940;952;134;877;216;655;820;183;621;756;693;223;59;300;713;313;202;269;139;42;177;404;555;770;507;814;608;274;287;715;531;3;241;175;339;475;473;618;646;942;550;934;79;809;479;837;98;609;184;478;503;371;410;17;335;227;141;70;826;607;906;255;197;697;840;168;392;249;261;604;459;730;931;581;502;8;46;99;293;115;827;682;341;101;851;624;343;583;30;239;420;230;114;951;88;915;31;5;656;461;419;384;662;590;830;349;688;409;421;995;388;595;253;708;763;92;498;734;121;602;408;14;936;997;493;691;135;18;536;745;918;737;176;257;376;580;684;377;631;753;735;169;477;953;695;180
layout:nlp:default:171b0513d8874a427ccfa46d136fbadc,972;501;273;52;157;31;391;142;194;758;118;124;959;454;888;325;222;393;525;657;560;737;440;116;616;965;731;910;808;268;368;230;622;555;386;253;18;200;135;83;329;149;930;552;603;369;36;765;389;825;507;208;291;447;210;390;59;766;176;285;887;527;258;371;724;801;770;422;922;628;10;276;202;37;417;792;46;703;357;531;300;335;127;316;511;782;413;876;996;330;557;399;514;171;139;402;193;833;2;211;492;818;956;572;894;691;264;218;339;289;540;439;515;107;133;340;844;608;301;32;404;803;6;941;145;163;209;997;955;420;192;500;806;780;97;247;17;158;475;15;378;928;198;695;814;992;243;582;784;92;787;762;743;763;416;220;445;858;269;433;28;924;260;40;462;857;847;336;678;589;281;547;126;995;625;574;845;22;576;726;187;151;217;810;660;337;753;813;711;225;732;8;705;761;595;835;232;295;778;811;779;975;426;520;804;436;605;75;80;444;594;421;929;452;212;43;183;305;483;896;648;88;434;755;662;30;969;505;177;893;437;167;541;168;706;377;344;607;836;610;280;569;684;288;3;961;624;470;890;949;756;559;915;34;0;994;642;125;654;229;213;791;478;1;297;651;191;119;279;537;704;984;891;573;65;680;77;812;16;947;502;169;140;999;383;614;302;299;89;493;95;516;20;674;146;352;499;318;635;128;522;980;410;687;730;361;685;727;204;901;479;315;953;583;313;633;739;358;508;323;370;786;103;869;564;855;181;673;543;578;775;348;658;239;710;767;669;683;467;789;4;921;802;777;534;69;900;275;50;716;476;899;121;328;261;363;751;132;794;343;423;283;468;19;588;783;178;643;472;641;580;932;396;197;388;797;819;867;317;455;933;874;292;11;252;47;771;817;415;865;461;164;408;646;311;144;480;577;615;235;366;451;834;112;823;820;53;150;715;257;807;948;509;523;365;884;312;760;431;973;936;9;935;174;86;945;702;494;400;974;781;872;909;558;414;153;294;575;332;638;852;950;201;477;903;636;850;221;442;617;489;718;100;590;926;286;360;498;966;990;179;367;920;550;94;742;244;448;248;799;749;970;597;73;741;137;677;790;717;982;599;309;549;738;251;216;707;122;26;190;679;885;394;381;143;255;115;596;362;114;626;105;809;645;60;918;634;841;863;699;152;262;859;759;48;182;960;495;661;223;250;754;800;873;998;490;449;824;338;42;860;405;117;277;907;879;676;24;843;319;776;601;964;701;180;880;44;723;697;519;66;384;656;441;84;700;96;215;821;93;591;870;234;906;185;308;293;551;681;41;533;553;372;744;840;637;602;954;407;655;347;886;521;640;561;696;627;341;278;129;919;78;667;33;353;203;98;692;788;983;432;438;175;186;403;27;538;571;675;698;207;774;544;830;987;303;464;120;621;725;155;539;57;227;82;952;111;249;13;584;214;314;134;735;160;246;356;195;618;773;322;380;721;981;851;238;912;532;895;693;962;23;485;147;689;166;562;504;639;271;892;430;581;488;342;254;327;846;513;162;199;848;746;419;839;497;395;346;58;387;136;686;72;310;141;205;165;958;530;745;570;752;272;619;196;406;70;206;798;988;38;474;925;256;862;173;64;87;219;722;630;598;35;940;350;963;74;45;237;708;606;986;736;524;897;528;957;934;526;113;943;123;586;829;296;518;593;463;546;769;714;385;240;668;937;826;49;101;665;382;427;267;902;85;306;861;545;231;14;733;435;632;379;148;282;942;967;849;659;373;853;172;473;609;376;709;465;542;881;991;690;931;506;397;349;392;79;671;5;604;877;245;351;587;63;866;644;905;652;263;503;130;355;666;156;241;772;326;90;102;67;600;398;968;938;242;469;946;837;446;750;106;623;664;345;613;729;56;491;989;458;374;517;138;805;854;161;795;443;944;536;822;629;831;611;354;76;226;688;409;418;412;425;694;827;91;720;904;429;916;7;364;224;977;333;883;898;793;568;457;228;663;864;320;748;324;842;979;471;612;923;68;832;529;21;719;424;54;927;131;649;287;55;554;939;12;682;512;61;951;487;713;882;104;838;747;159;647;712;266;566;978;567;985;878;236;510;816;456;51;734;304;39;889;428;81;620;270;274;911;971;110;453;460;740;496;535;482;856;307;579;913;331;917;375;796;29;459;265;108;359;233;592;908;25;481;284;334;914;556;653;99;450;259;764;170;548;466;321;650;109;768;757;631;565;875;188;828;290;189;71;728;62;672;298;585;976;785;871;184;484;486;670;868;401;815;993;563;154;411
layout:nlp:default:60880ed76de53f4d7a1b960b24f20f7d,863;53;61;540;685;910;23;722;51;655;554;600;772;855;404;91;994;135;233;473;203;376;509;378;412;37;10;147;455;757;286;12;240;434;872;11;415;361;89;66;309;920;276;728;279;359;360;919;899;99;960;98;230;354;390;234;260;184;793;741;790;327;876;789;742;788;9;101;842;823;666;58;642;870;60;525;350;610;767;316;197;414;253;482;945;676;105;370;180;201;939;665;733;795;865;512;585;292;914;96;761;967;315;837;111;31;921;30;514;517;611;672;633;160;313;869;603;71;845;411;75;643;318;598;730;428;797;239;262;982;133;689;763;783;683;769;5;595;0;245;232;947;24;475;49;109;717;21;959;40;680;323;609;128;452;613;137;697;476;567;264;215;308;413;389;421;168;838;505;649;258;581;882;550;74;699;114;954;995;900;710;57;141;551;124;143;242;983;623;732;322;909;817;69;952;640;93;734;85;706;142;884;771;508;652;833;150;6;14;861;775;553;369;618;92;149;515;280;624;330;826;584;216;321;191;165;935;787;971;866;638;531;472;158;289;955;835;447;440;151;274;684;125;978;950;862;80;871;227;712;418;605;886;794;957;586;902;569;448;901;221;969;493;166;619;593;513;953;849;275;627;963;916;417;270;394;973;993;338;840;426;745;715;682;478;539;597;348;506;844;195;644;459;557;186;853;305;650;981;451;738;102;980;645;758;933;497;671;83;243;889;78;704;701;658;692;615;958;438;804;263;33;780;698;664;851;303;468;811;157;877;212;737;810;932;544;282;528;17;335;466;736;660;912;821;555;402;864;590;403;392;29;148;976;206;194;518;106;436;748;656;898;134;986;345;207;437;294;116;924;469;938;283;731;373;628;331;975;830;445;416;259;857;651;744;616;79;47;832;922;381;894;16;55;808;654;408;344;968;189;122;208;458;97;678;915;596;878;657;942;773;776;248;992;307;998;202;498;818;41;174;100;123;727;675;299;965;659;647;132;161;127;520;489;827;181;45;13;483;896;533;42;463;579;104;441;897;792;576;364;907;917;52;502;162;257;386;703;800;456;250;480;796;395;339;474;621;825;352;905;336;110;317;163;970;1;357;669;809;431;19;801;337;766;205;721;893;604;298;778;400;185;635;351;503;564;570;599;117;290;720;522;777;488;193;435;187;213;529;48;68;131;65;251;34;178;941;747;173;653;427;999;8;930;310;70;222;495;209;578;511;987;252;120;785;937;879;799;214;535;383;989;688;36;519;711;467;231;858;904;754;713;534;25;521;542;949;695;507;768;112;281;460;256;729;485;592;948;255;798;572;812;490;626;391;423;302;977;860;573;265;477;82;561;813;349;64;266;94;314;575;59;786;115;154;192;843;347;856;72;328;979;108;908;177;500;779;759;690;492;816;196;301;532;312;934;607;984;334;238;397;516;300;880;563;486;130;885;479;385;210;297;152;365;461;726;405;15;944;496;562;90;396;140;146;614;341;84;831;420;903;691;424;401;961;471;419;694;750;296;927;956;44;246;985;355;541;171;739;267;673;617;433;580;888;743;543;588;966;735;765;54;839;228;144;545;524;911;850;926;781;374;172;7;76;841;674;770;199;306;663;155;602;465;159;249;398;271;353;377;760;568;714;990;320;510;913;824;136;126;95;371;574;822;964;925;552;923;646;487;662;32;819;38;820;225;139;566;746;601;129;46;422;556;229;620;705;583;77;774;806;951;295;28;834;372;782;634;630;991;425;491;362;749;571;852;687;906;407;247;716;629;223;63;648;254;943;368;501;311;198;892;847;537;217;639;26;409;740;677;996;432;325;145;241;679;918;560;442;367;755;453;558;18;211;481;261;342;236;702;356;50;707;153;226;358;873;319;719;523;87;450;119;582;304;324;828;494;504;410;333;559;700;530;277;867;548;183;332;43;887;164;526;118;62;169;179;883;244;988;829;288;756;384;449;285;946;121;399;546;565;612;928;536;725;346;802;499;836;632;170;484;693;668;890;20;708;931;103;67;762;895;2;936;272;670;329;86;874;457;167;751;454;594;22;875;406;4;326;464;375;661;625;182;430;429;366;784;547;636;363;753;606;891;291;382;446;443;188;814;39;929;589;81;444;3;113;815;641;591;220;807;73;56;273;176;997;859;587;88;380;538;724;631;343;439;156;388;27;379;224;190;696;462;723;854;681;340;577;393;284;805;718;622;35;219;972;962;686;549;667;293;287;940;200;752;387;637;527;846;881;235;278;268;107;204;175;791;608;764;803;470;848;237;269;709;974;218;868;138
layout:nlp:default:58cc2e418c3a8a19b871e15964b534ad,842;424;370;393;532;899;383;836;53;666;210;591;716;733;614;437;100;319;497;325;339;735;103;130;875;134;887;444;990;769;185;730;719;650;864;523;327;544;923;151;995;749;831;126;144;588;784;237;367;812;448;139;789;559;230;470;974;112;279;853;321;359;60;394;14;66;893;928;351;712;740;46;732;641;504;699;410;857;612;808;958;568;236;680;190;543;315;81;105;998;121;592;6;129;142;272;241;770;611;739;77;343;171;521;535;779;311;414;823;197;996;658;138;931;868;874;774;26;196;872;56;278;704;511;439;178;368;148;527;309;268;473;569;582;404;154;11;163;724;906;506;956;578;366;167;118;432;166;390;220;492;662;219;510;2;411;192;890;919;375;245;124;619;335;203;691;877;849;743;655;621;656;878;694;731;13;145;348;631;191;71;897;677;962;969;778;381;19;202;847;642;562;243;654;846;687;323;244;252;751;902;212;217;980;132;384;68;150;155;388;602;47;567;277;540;38;362;722;738;109;261;433;643;776;340;952;443;915;647;984;458;676;519;754;840;736;421;837;675;533;34;955;721;63;41;670;988;692;673;438;920;39;320;425;939;848;994;772;741;604;215;573;970;966;240;186;963;213;723;16;224;306;886;401;983;431;69;310;40;997;593;855;977;954;914;267;526;477;91;500;455;223;182;748;292;791;538;78;947;430;580;609;817;99;305;28;764;503;851;283;783;665;330;251;234;345;577;715;164;708;845;720;216;153;501;978;468;685;49;193;434;174;184;24;221;33;127;206;785;935;682;570;638;302;264;661;542;698;597;747;615;392;606;291;916;0;254;489;294;819;866;218;624;707;180;493;566;207;992;35;61;316;871;799;120;690;266;713;552;386;598;113;541;10;72;618;693;400;574;610;879;910;782;752;337;398;146;140;728;620;657;413;42;391;478;238;15;22;600;208;137;607;953;350;572;379;299;583;800;1;882;922;522;341;979;475;104;486;883;405;18;940;329;209;512;896;689;926;703;23;585;94;937;89;726;824;415;767;546;248;312;554;462;667;586;564;873;545;818;917;876;581;760;803;788;589;679;912;674;422;457;894;971;108;718;514;822;117;270;714;944;706;469;678;550;429;102;652;648;516;287;449;346;547;64;660;119;467;627;644;664;725;949;810;474;27;697;534;87;742;165;700;133;755;44;332;734;520;826;106;293;539;231;821;976;987;561;45;636;326;52;290;98;200;258;281;313;289;835;324;903;671;376;792;222;515;168;844;558;898;941;265;377;262;181;854;765;651;710;136;402;537;50;225;453;446;830;603;905;447;344;932;681;502;663;813;70;43;353;911;162;76;684;426;828;372;445;909;440;498;758;177;62;3;436;338;672;82;551;90;508;750;227;456;820;298;307;753;235;870;143;938;428;972;640;256;967;352;232;961;806;548;653;257;579;31;834;856;942;187;135;32;711;775;517;630;20;768;480;9;157;170;228;317;161;960;58;499;484;464;274;584;95;888;147;605;304;669;796;862;494;482;617;701;380;65;416;123;790;36;408;993;328;357;798;531;867;924;802;92;832;637;452;30;628;286;885;913;659;513;288;419;505;435;441;981;73;21;303;565;560;86;745;645;156;314;590;374;507;246;461;688;695;596;358;766;276;463;968;625;702;356;858;273;927;364;781;280;717;629;269;342;929;483;771;354;827;250;825;195;239;904;985;491;420;850;536;908;973;907;553;773;199;829;727;322;780;761;496;8;57;284;418;936;841;787;683;111;465;524;804;205;786;476;160;737;518;450;67;869;895;801;412;549;599;115;744;557;360;308;176;301;242;957;571;852;198;918;601;816;891;131;211;259;110;635;746;423;409;892;594;525;833;114;815;54;263;488;459;595;275;951;25;407;709;964;101;297;999;29;556;365;763;389;361;300;295;865;333;347;373;759;253;945;355;296;233;575;563;141;528;378;795;399;194;843;959;649;859;495;172;403;4;55;529;369;159;349;83;80;318;282;229;169;12;179;97;479;622;37;946;59;17;921;934;387;149;930;471;986;982;646;696;900;122;797;396;201;794;793;805;608;204;255;385;460;214;125;442;175;406;247;863;626;616;74;634;729;226;555;965;427;633;472;417;485;814;481;881;48;613;128;639;334;271;96;860;889;85;901;757;363;668;487;285;188;382;809;530;454;576;777;880;336;183;79;989;158;925;107;116;75;88;5;173;686;451;838;371;490;839;623;975;260;51;807;762;943;395;84;991;152;189;861;950;7;948;632;249;509;397;466;756;331;933;93;587;705;884;811
layout:nlp:default:f6c146fc5cf10be4f3accbaca9897311,986;833;610;879;135;581;841;960;926;552;644;622;920;197;632;475;894;101;43;418;553;946;412;516;666;816;792;699;599;952;509;145;28;164;478;240;874;463;984;623;923;129;306;910;417;686;424;469;369;165;785;293;485;636;25;214;96;488;144;807;68;664;888;55;162;775;868;187;848;2;527;113;450;364;813;717;407;324;573;730;978;195;89;578;59;309;491;692;919;929;411;325;982;193;575;918;799;131;358;543;21;226;124;640;793;146;804;403;614;276;734;887;688;406;321;570;779;295;678;652;51;374;589;176;580;559;365;70;86;147;855;199;307;765;379;605;690;153;752;721;951;158;975;474;148;429;858;206;744;514;414;981;381;832;809;155;32;151;825;980;528;388;434;470;255;253;750;642;290;190;17;405;673;564;224;590;482;749;20;522;126;389;895;326;945;547;755;838;834;823;116;222;495;345;186;420;319;18;988;332;985;811;76;979;836;268;842;139;949;862;506;743;846;875;763;518;283;924;684;965;932;37;140;865;822;993;265;957;219;384;958;821;607;143;110;540;349;161;808;237;141;371;340;8;742;645;927;460;430;680;33;769;249;784;867;31;716;118;246;592;639;64;764;333;377;250;12;839;893;13;912;940;67;627;44;49;436;712;890;171;27;94;1;107;376;574;65;413;539;362;225;251;38;595;297;625;357;966;576;192;651;439;157;0;275;466;456;747;337;50;313;897;438;330;847;262;819;175;284;459;941;844;783;271;202;494;308;366;774;800;669;288;274;695;584;566;661;211;256;228;449;444;507;937;787;671;647;633;230;409;970;416;334;115;776;756;702;917;380;541;266;555;955;585;682;285;90;169;883;626;201;81;602;679;906;341;166;722;383;327;849;212;385;4;782;772;707;768;820;236;781;108;74;247;356;770;837;120;991;48;911;79;182;593;928;294;676;656;191;535;179;178;368;203;961;560;953;569;863;428;704;479;408;529;689;600;548;287;796;208;562;210;181;572;947;239;348;92;998;404;971;121;263;61;733;216;335;999;852;511;427;691;454;314;487;410;698;525;296;189;117;861;122;421;902;693;205;681;501;963;270;98;446;104;45;503;198;241;173;759;30;533;305;526;830;471;152;745;350;15;60;26;643;976;461;338;484;281;586;397;667;6;72;909;974;546;803;510;583;329;433;815;930;532;748;399;512;762;42;318;462;939;245;185;254;435;907;608;500;629;99;269;925;850;908;650;468;242;452;56;36;654;80;39;840;458;138;905;726;277;310;160;606;238;550;40;22;29;133;872;177;440;467;674;653;252;112;16;102;790;880;174;517;46;624;558;465;972;85;194;302;714;732;655;392;700;183;298;496;498;204;499;188;903;315;331;831;82;959;69;168;992;137;922;876;753;184;259;423;323;637;944;856;948;322;942;52;221;741;557;443;812;719;360;538;594;568;286;729;934;598;513;739;472;125;150;317;390;372;77;798;913;282;291;658;668;75;386;708;571;609;814;675;818;304;628;66;889;619;451;35;159;130;280;300;393;213;524;851;515;737;916;630;843;227;997;218;455;567;100;915;956;453;877;344;531;646;711;587;128;904;301;694;620;701;445;220;232;810;123;267;596;311;771;231;486;938;223;58;395;217;492;881;180;648;63;54;23;706;873;103;394;9;582;616;886;11;431;896;426;983;62;505;346;119;826;542;370;481;827;156;398;591;727;207;943;696;588;114;136;105;962;536;791;545;19;312;464;754;537;258;866;233;801;936;968;163;735;373;544;534;603;391;638;261;328;854;635;447;891;497;577;10;864;725;995;670;835;649;657;758;343;615;973;5;234;996;352;354;612;167;57;964;149;93;631;248;520;551;766;613;172;292;705;665;641;720;382;713;828;795;987;73;786;260;860;235;477;788;83;425;561;859;563;441;549;697;437;882;731;483;480;154;806;621;767;556;53;493;892;740;279;802;857;728;663;715;508;736;490;215;773;751;88;71;34;780;489;196;24;869;278;899;931;342;554;336;709;347;672;402;824;111;710;662;91;95;359;935;457;355;375;597;994;422;476;200;685;3;914;601;687;990;789;565;778;41;530;229;845;618;432;853;969;604;243;954;677;760;303;777;794;47;967;797;7;289;320;521;353;519;718;746;351;400;78;950;738;659;703;901;170;989;634;127;878;900;299;209;817;419;401;106;871;611;142;87;367;272;523;579;921;504;415;660;109;884;898;257;244;378;84;933;134;442;396;363;724;683;264;617;885;316;473;448;870;14;805;502;757;273;132;339;723;829;97;977;387;361;761
layout:nlp:default:38524e2ff135ded55b5286407e7af6b7,971;19;433;440;410;616;785;303;722;397;200;509;236;896;103;807;602;244;252;208;642;647;87;335;853;258;320;728;128;444;789;965;79;684;276;909;132;692;44;124;652;442;379;950;843;27;955;0;86;759;854;749;248;425;153;523;451;755;475;367;665;812;380;677;91;681;709;447;571;306;689;14;361;895;191;53;786;138;385;16;515;887;278;479;325;972;806;770;907;697;761;348;423;691;295;581;743;661;256;933;130;788;220;979;352;748;584;640;694;154;920;186;356;829;590;275;10;799;725;184;883;680;863;639;531;976;747;595;615;582;892;339;445;925;970;516;776;489;271;891;911;230;648;545;672;978;114;967;997;864;500;599;492;272;217;419;929;441;537;298;613;612;210;507;107;508;24;50;698;548;263;552;313;927;905;885;308;872;270;437;554;525;601;903;99;190;238;167;643;897;372;331;67;179;745;413;288;286;497;253;365;90;800;958;832;294;673;819;882;758;560;791;567;910;781;975;287;183;426;740;484;333;434;629;817;78;935;705;881;543;29;767;241;422;877;52;63;501;237;723;948;343;319;646;831;260;199;221;774;334;690;906;809;477;429;678;502;193;140;418;900;283;959;649;106;211;234;549;609;391;493;231;371;370;988;168;40;707;69;33;811;136;952;943;572;662;17;969;359;399;468;171;83;304;309;835;753;163;499;73;349;912;206;345;282;994;715;836;913;203;355;299;192;529;521;233;430;207;398;473;981;628;750;961;175;810;699;318;659;494;840;302;568;471;596;603;982;89;300;137;59;738;262;383;591;746;834;886;404;176;75;626;290;409;496;528;583;267;533;353;81;875;928;841;281;354;26;265;720;535;712;470;301;173;180;794;623;527;274;358;741;963;918;589;169;820;953;742;802;362;172;869;991;37;118;898;945;486;866;922;657;828;88;504;170;865;72;670;870;620;144;990;610;326;739;889;261;342;663;823;679;974;146;1;279;947;890;873;717;724;150;25;120;57;660;42;561;347;708;576;251;327;550;718;94;675;946;141;593;816;448;949;703;852;856;268;960;754;844;456;55;845;860;123;803;164;944;338;805;96;676;575;387;189;737;644;321;837;727;587;400;894;653;228;449;765;407;149;861;651;491;658;368;710;686;374;31;782;246;41;985;962;293;696;74;259;924;695;178;702;277;940;798;714;30;316;801;518;393;454;630;973;58;713;586;455;654;565;378;482;600;235;312;3;216;196;597;134;998;472;204;68;908;212;635;102;156;381;122;439;585;54;446;133;450;18;858;957;126;465;223;999;38;520;443;850;871;174;778;636;540;619;917;992;511;202;157;827;396;977;245;222;20;213;851;541;401;115;980;901;254;373;793;706;888;416;904;526;580;876;432;376;247;830;406;324;108;848;76;13;637;117;598;688;47;105;650;579;716;762;467;405;631;768;879;752;32;151;893;954;4;145;215;721;760;814;424;480;771;804;328;51;855;229;340;667;457;80;488;594;683;700;564;505;984;519;197;592;232;923;617;85;821;93;198;512;66;506;729;70;744;483;127;532;538;566;322;7;15;280;305;931;474;285;795;428;693;574;478;364;849;386;226;389;35;756;201;867;539;874;388;783;458;859;214;61;634;485;656;624;735;45;553;291;733;818;687;100;160;71;292;495;351;469;790;503;937;757;421;641;551;476;668;148;332;813;939;951;242;166;797;39;336;878;460;899;605;209;498;608;23;22;239;833;463;815;162;775;116;375;266;730;8;857;435;847;966;6;188;825;113;317;633;569;625;916;868;147;48;559;638;390;839;941;919;514;121;787;764;165;986;417;671;884;862;350;195;563;255;522;751;588;101;46;930;402;921;65;219;284;344;2;544;109;139;185;622;82;403;645;337;784;780;462;562;227;995;542;131;119;796;323;915;408;732;97;934;427;453;36;842;62;249;11;412;956;21;125;155;466;392;822;530;614;205;577;618;152;9;329;269;517;181;187;158;824;143;341;346;534;142;902;218;431;536;578;604;194;296;880;547;77;297;357;64;731;159;736;513;459;414;273;846;726;314;98;558;310;311;964;461;315;611;914;135;384;369;556;779;481;772;734;987;932;769;111;627;546;224;719;524;808;177;112;792;606;12;360;28;701;363;993;56;5;289;777;225;666;983;655;240;773;674;557;264;34;573;682;669;570;711;307;490;555;664;415;161;382;84;129;452;436;92;942;763;989;411;621;395;104;60;926;250;936;996;377;243;826;420;394;607;838;95;510;438;330;110;257;366;182;704;968;43;685;49;632;464;487;766;938
layout:nlp:default:3a0c5517a87df8d82fd637b83298a3ba,769;171;635;441;981;686;546;504;664;697;605;695;512;998;187;928;335;802;416;36;152;424;260;591;967;99;250;402;392;314;119;246;427;568;551;881;844;798;555;295;494;7;809;307;896;721;477;767;542;194;684;565;107;601;55;161;48;778;422;423;748;241;311;209;599;355;991;547;224;606;935;76;239;771;838;31;499;652;247;383;287;292;523;140;716;191;10;787;731;389;867;877;961;377;715;103;393;467;841;889;739;94;855;549;98;447;706;786;138;455;326;623;362;668;873;737;265;294;298;982;561;127;375;475;509;116;502;936;966;638;233;228;988;464;61;323;941;872;977;357;742;122;651;505;792;83;425;592;200;797;449;892;777;332;993;45;78;398;656;790;945;421;704;964;2;446;488;729;181;365;263;665;782;100;757;513;837;535;888;741;657;498;875;253;800;403;969;72;885;543;322;483;924;66;344;532;123;712;723;678;339;573;634;933;397;915;282;105;487;655;751;863;559;780;883;701;803;626;21;220;84;374;490;221;566;40;193;986;183;450;327;851;29;886;79;59;919;691;758;985;256;213;834;891;212;196;519;347;807;905;334;951;814;944;642;687;823;23;249;815;669;540;118;842;106;413;901;69;707;104;406;341;9;20;727;71;44;5;385;64;948;330;895;284;65;131;544;524;482;139;675;658;267;12;681;625;11;725;115;41;273;166;303;54;562;321;67;556;978;858;950;581;479;258;146;401;736;25;984;176;382;952;88;245;366;554;911;563;762;50;708;847;168;381;468;927;521;622;525;283;654;607;898;91;557;412;871;938;142;453;462;667;510;612;916;534;130;132;338;89;594;909;600;266;367;320;946;188;22;495;827;575;822;620;832;291;567;310;987;442;226;270;211;325;718;448;110;990;616;735;974;595;108;452;443;35;384;598;32;27;866;419;799;350;219;854;218;994;882;420;975;719;589;407;685;318;765;394;53;439;410;611;588;281;833;627;861;932;921;13;702;923;93;184;957;879;97;902;963;641;411;789;387;162;85;333;587;752;972;101;785;776;345;269;730;831;779;992;689;732;839;271;971;593;4;962;517;471;683;395;811;893;215;476;285;460;734;536;583;853;602;124;87;997;552;175;772;70;714;156;514;248;890;887;663;926;77;522;537;15;939;359;869;621;660;358;711;630;148;958;580;198;794;469;261;624;372;710;717;80;388;328;817;541;486;750;96;121;179;173;39;747;493;908;491;590;753;763;305;929;289;458;503;528;553;645;14;538;674;473;145;19;378;508;671;405;796;456;361;369;232;34;178;572;343;438;210;164;775;380;8;970;768;548;24;481;1000;252;229;539;47;203;899;996;682;614;150;277;560;417;728;432;679;309;608;756;95;774;954;251;862;135;349;62;299;628;293;585;16;840;1;661;109;884;370;947;134;60;57;342;983;147;688;726;296;255;917;653;17;404;42;609;596;217;646;959;6;208;979;399;692;576;766;68;793;386;264;904;880;489;629;408;170;227;821;703;352;914;262;189;527;480;999;304;111;396;346;86;151;433;709;373;639;149;195;128;846;313;659;801;500;920;278;56;666;129;720;368;582;931;244;618;63;301;465;632;214;574;222;136;949;235;650;18;153;279;515;81;506;169;324;530;351;578;302;316;167;856;759;90;819;835;237;912;680;586;73;459;112;764;910;33;738;743;670;242;713;240;186;571;92;526;286;903;584;770;126;243;511;336;973;570;613;805;825;824;930;82;414;354;102;934;976;492;376;843;874;830;925;436;806;694;435;137;558;960;400;319;231;676;74;230;317;850;740;43;190;418;849;445;698;808;643;356;238;848;484;429;995;192;693;158;640;163;160;733;165;444;816;141;864;705;696;348;46;37;268;225;117;791;788;604;49;907;818;531;804;144;185;172;113;980;953;276;280;619;845;26;700;724;274;155;426;965;937;878;812;610;533;288;306;154;201;906;795;159;3;746;749;257;315;205;206;876;463;275;942;637;254;28;337;857;529;157;744;722;699;870;409;485;755;391;30;312;773;38;507;125;133;644;379;204;829;649;461;516;114;454;783;199;989;207;940;501;428;894;617;648;272;430;781;828;569;545;784;470;564;0;174;647;297;633;820;597;290;672;58;466;518;673;579;496;451;177;690;943;826;143;216;662;440;603;918;956;457;390;636;472;955;810;852;859;75;761;329;474;415;180;922;182;615;478;234;865;340;497;577;745;868;913;431;52;677;353;120;202;550;363;259;236;371;631;197;364;300;860;968;51;760;813;331;520;308;836;223;434;900;437;897;754;360
layout:nlp:default:6c1101f6231f4d1722c3b9f6d1e25026,630;818;900;752;154;681;68;707;600;226;519;970;705;174;950;759;811;343;338;995;771;348;190;244;83;15;543;92;496;708;974;82;910;486;192;303;30;870;360;602;885;652;43;171;516;562;33;494;453;803;142;330;812;962;112;657;941;940;49;584;137;877;177;44;821;846;908;743;658;116;793;990;135;228;438;820;794;231;13;671;434;151;796;992;942;734;648;51;20;246;736;313;698;176;573;585;849;499;50;103;98;554;89;293;890;879;186;601;832;616;212;478;836;780;881;537;280;804;744;203;612;443;856;319;564;206;386;936;307;36;201;722;399;247;85;457;238;789;401;770;980;110;547;587;352;535;871;167;835;152;978;919;967;185;805;939;296;25;729;97;521;72;621;857;529;310;756;958;786;196;909;767;489;220;414;245;660;583;114;286;495;0;731;534;481;323;309;634;645;646;2;410;817;701;466;791;868;355;300;556;67;712;943;777;301;669;628;551;594;447;345;510;747;918;509;690;324;798;773;605;63;6;598;469;561;477;371;647;952;284;377;800;710;542;421;703;444;288;429;472;949;955;778;316;665;682;265;408;654;571;7;546;219;853;797;891;839;294;828;572;281;224;53;753;188;216;57;735;851;445;407;181;229;982;895;328;179;61;925;788;650;526;693;766;45;929;32;317;299;11;948;168;208;446;402;170;988;287;476;66;80;409;173;34;673;520;855;442;346;54;716;471;540;254;666;29;24;127;606;262;241;65;513;158;795;122;969;180;432;819;290;754;711;903;917;462;331;340;569;339;95;626;714;603;354;263;783;41;357;416;525;456;90;719;508;387;637;742;653;553;376;956;643;38;772;473;801;769;40;233;242;996;451;144;77;989;437;156;111;329;751;763;589;295;843;384;938;591;889;1;498;183;35;134;108;549;810;854;984;971;197;799;826;907;739;26;342;140;726;874;356;292;679;548;813;458;297;490;869;663;260;640;123;17;143;380;22;841;668;503;530;440;892;155;395;175;278;590;872;493;861;523;14;321;59;738;686;359;470;487;993;455;272;850;101;388;149;809;631;271;689;607;664;305;217;130;428;454;552;87;187;259;685;415;875;483;859;344;998;419;953;240;672;905;558;622;727;335;822;267;944;361;898;191;728;723;775;687;91;411;56;21;436;961;378;225;831;363;522;274;248;474;285;433;691;518;107;966;670;115;70;452;223;204;172;62;792;878;257;930;322;165;96;599;391;983;106;113;460;757;524;704;394;249;109;617;545;362;367;405;844;999;581;385;202;965;845;577;847;105;258;933;544;255;276;368;816;118;830;373;81;318;680;406;398;888;692;749;75;261;848;99;528;536;157;559;139;78;883;667;193;269;488;427;531;827;656;463;934;279;336;334;12;501;784;517;884;615;136;304;563;153;721;497;802;512;920;76;964;277;218;129;746;539;159;834;960;235;915;782;725;758;642;655;695;234;94;120;132;221;325;86;579;906;424;557;566;867;928;575;403;8;627;198;641;413;256;902;314;649;790;914;93;491;461;951;608;699;195;42;465;696;166;117;480;124;609;880;404;662;73;239;620;932;897;3;126;979;644;64;459;924;194;894;887;538;441;959;71;250;724;337;764;550;484;431;397;308;987;430;69;273;18;741;435;614;16;370;618;479;899;904;237;475;781;636;945;23;389;706;582;595;502;762;227;210;986;365;514;396;570;252;638;886;28;381;957;926;243;825;976;709;842;302;632;765;205;327;511;678;306;768;133;623;694;125;375;326;852;973;88;866;923;935;814;312;390;211;717;715;567;991;515;635;320;298;162;864;4;379;985;467;683;315;468;702;382;422;464;504;48;676;730;565;916;720;975;353;586;713;291;837;349;787;625;200;121;922;52;189;994;199;350;931;785;128;858;383;230;58;750;131;55;972;619;311;289;400;182;596;578;675;824;102;507;963;555;448;633;178;774;417;104;253;374;100;833;700;927;860;412;148;755;761;485;913;19;236;482;541;624;215;560;815;629;977;268;141;147;138;425;264;576;876;505;492;423;184;568;270;506;222;911;737;882;760;862;232;282;997;358;160;806;39;776;163;164;688;500;207;418;9;659;119;807;366;79;10;611;651;684;161;150;275;364;838;450;332;527;829;597;426;449;808;169;896;912;981;946;779;674;74;60;937;823;740;639;333;954;677;901;372;351;392;592;214;533;369;863;209;146;840;604;968;697;347;213;47;610;266;145;439;574;5;393;283;893;661;732;921;748;873;865;613;84;27;341;745;580;37;251;420;532;588;718;46;947;31;593;733
layout:nlp:default:016ac66a44a906a695afd2228509046a,814;464;657;766;379;183;31;375;799;577;736;601;297;778;917;989;92;172;978;822;835;141;728;430;510;667;211;898;362;635;231;494;811;491;876;312;857;626;272;860;10;495;58;959;589;397;65;955;243;426;79;415;542;928;9;546;765;266;159;627;984;389;182;318;148;688;696;95;552;174;912;87;662;409;916;940;942;669;215;988;8;286;152;629;931;210;120;281;795;406;1;982;280;647;138;537;135;479;111;925;929;894;831;256;694;399;335;945;861;333;864;840;949;641;913;199;173;139;75;554;267;581;102;558;508;293;711;116;398;347;846;907;419;62;754;618;826;485;920;787;492;391;326;73;827;712;516;932;918;468;242;226;892;706;780;191;813;676;555;948;801;433;108;342;471;227;114;875;374;930;852;977;164;360;351;503;534;763;816;671;556;93;247;104;401;169;11;496;378;744;163;290;734;334;980;701;168;567;472;727;411;597;214;154;7;337;650;675;539;599;361;470;250;310;233;750;107;306;528;279;436;587;59;474;156;177;268;251;788;823;770;965;57;738;22;909;223;874;632;986;579;973;895;865;232;33;899;217;421;467;213;209;946;390;258;37;483;968;86;429;686;633;150;654;605;915;307;832;358;284;402;819;400;529;573;64;548;460;954;28;106;99;303;966;902;473;859;20;755;933;845;229;798;956;927;257;693;815;285;461;313;377;77;609;185;6;45;785;330;843;212;414;254;21;897;950;820;255;858;812;720;446;660;465;759;910;194;123;531;610;197;613;566;340;624;666;771;747;725;584;672;742;691;348;356;4;958;66;192;366;314;631;767;702;67;60;863;0;43;867;697;620;839;353;888;716;249;407;403;19;288;234;441;291;936;926;553;880;418;535;364;480;368;527;704;439;838;729;998;914;570;387;625;488;817;149;240;89;259;776;741;133;507;5;699;355;809;98;540;466;151;985;896;300;564;423;659;44;883;963;607;500;764;868;887;245;134;658;690;392;78;582;404;27;616;774;638;456;818;668;345;695;119;264;953;593;332;682;568;804;606;661;112;707;768;178;321;703;482;282;571;216;244;718;153;961;323;253;700;36;220;455;395;903;63;784;55;238;320;981;941;576;371;236;908;580;651;992;201;976;162;273;648;158;967;72;504;170;790;384;594;621;26;190;189;369;713;575;821;854;475;121;435;42;724;118;2;145;745;590;611;600;188;248;515;24;47;224;677;96;357;689;842;431;923;82;90;673;807;619;506;16;315;911;382;373;458;237;683;260;969;81;557;598;109;38;352;363;710;646;603;339;844;269;181;990;324;583;538;29;140;202;640;735;228;301;396;655;298;327;275;906;751;733;526;714;113;904;952;622;532;274;705;263;794;490;991;165;166;518;772;499;665;437;287;386;889;885;715;841;221;922;947;252;753;995;656;617;299;434;994;999;422;225;974;837;663;975;847;562;853;331;417;604;886;393;737;639;161;806;122;136;869;541;413;944;585;983;388;277;484;179;309;129;50;726;478;144;971;184;246;782;372;410;80;769;731;130;292;180;497;311;680;972;445;147;596;261;449;171;513;336;459;271;143;276;94;160;501;591;760;71;486;125;547;692;40;442;802;993;628;380;328;3;866;481;544;796;800;543;200;743;83;176;536;319;803;359;196;836;964;294;890;612;684;41;752;533;131;265;117;775;454;698;872;849;23;871;730;329;349;502;316;520;781;653;346;957;70;235;630;305;592;222;561;732;155;549;779;206;367;142;101;740;110;239;157;749;204;722;824;578;68;428;14;383;416;128;891;962;12;970;808;595;105;943;756;893;643;719;84;636;615;195;828;825;34;146;519;325;608;132;649;797;317;448;862;241;453;937;791;634;851;834;175;76;512;505;873;35;685;833;61;723;848;882;574;15;85;855;487;717;424;678;443;637;642;370;350;530;514;670;960;427;17;509;463;522;805;126;687;664;408;53;115;49;208;511;46;572;187;830;354;761;103;586;997;721;935;793;652;186;412;614;420;432;295;137;900;476;54;365;919;462;559;193;205;563;270;550;792;850;127;644;304;100;709;32;56;870;167;457;376;498;879;394;829;469;681;450;218;789;588;565;525;878;524;51;786;551;748;289;30;987;679;381;856;674;921;74;13;523;521;452;602;440;489;739;884;708;560;88;444;623;308;69;385;48;447;905;341;645;773;425;810;901;757;545;517;451;777;296;302;344;198;338;924;939;262;18;25;934;278;91;219;283;343;877;493;207;746;979;203;762;230;39;783;405;569;477;52;124;951;881;758;438;996;938;322;97
layout:nlp:default:492c7a94d559aa4a88769142d2a68362,763;282;151;974;547;901;620;141;747;428;828;711;756;159;391;928;909;215;940;71;946;274;570;112;74;117;950;576;643;370;133;146;250;798;941;598;365;58;838;832;427;911;881;686;346;33;265;729;991;235;420;695;289;735;886;254;581;166;627;307;135;617;61;651;459;807;648;324;582;170;609;853;35;56;494;812;332;212;238;520;592;23;866;670;906;984;88;231;106;339;439;734;780;12;532;915;227;776;990;851;935;98;629;320;297;522;892;558;897;256;491;45;879;240;466;597;310;354;678;205;421;528;544;192;257;977;349;750;672;610;284;379;51;799;181;175;449;507;93;746;970;985;840;578;509;868;357;889;461;858;944;867;596;326;843;563;385;49;953;564;148;79;837;2;656;130;208;456;123;22;833;514;929;931;519;971;393;844;930;850;42;626;624;279;852;530;410;687;916;34;395;229;791;951;132;399;827;591;207;288;291;521;568;664;926;126;614;993;224;96;359;922;961;759;697;278;397;475;688;103;15;736;195;147;723;99;85;268;247;169;502;583;202;142;690;152;472;761;458;408;725;283;52;817;527;554;271;657;860;618;722;76;367;462;424;968;327;819;797;849;92;46;948;77;313;666;885;463;53;191;706;139;29;872;335;936;400;565;862;979;438;821;622;218;317;731;40;836;325;465;62;553;612;875;497;125;903;882;987;149;176;203;453;830;223;709;781;574;4;221;350;183;693;704;880;517;606;587;505;749;3;251;474;190;361;193;239;258;913;635;824;800;78;287;932;713;404;60;471;531;248;167;163;989;826;477;524;171;156;871;333;594;623;336;374;967;716;673;811;639;259;429;448;788;557;986;934;390;143;321;774;113;566;809;492;873;681;924;784;919;847;778;914;899;337;963;67;988;110;468;446;683;501;636;538;701;997;377;277;908;883;388;754;625;534;835;119;715;978;467;952;939;964;109;480;54;264;21;311;299;213;496;982;802;73;115;155;682;584;865;445;105;241;720;649;233;309;131;641;9;122;37;633;841;660;586;525;185;473;859;230;334;652;539;966;613;495;294;416;272;631;252;0;742;869;499;921;655;677;540;794;100;484;431;845;82;674;275;97;138;402;20;580;777;432;801;436;242;518;910;996;351;902;607;758;658;962;511;856;555;68;710;308;779;423;443;498;437;226;604;602;331;70;249;782;186;225;153;27;949;808;820;417;588;768;741;815;414;36;541;293;646;542;160;933;269;7;246;796;535;369;5;654;292;829;63;751;640;111;488;567;360;503;770;890;425;413;694;341;187;669;973;600;785;128;552;412;430;737;64;719;316;920;220;757;48;772;255;426;543;980;173;769;245;384;50;943;668;685;975;661;319;305;144;748;140;243;237;306;419;999;194;956;679;228;783;364;895;124;118;300;506;267;188;642;560;878;447;90;380;680;959;739;870;219;893;718;180;663;708;787;281;579;38;842;585;760;572;165;551;11;839;366;260;793;352;834;407;298;405;450;562;266;101;129;177;825;59;816;273;752;717;184;476;81;372;14;206;198;80;39;409;378;546;699;526;244;671;803;707;286;485;41;276;441;16;957;401;569;577;302;753;120;823;960;740;164;179;315;158;630;846;127;863;457;912;168;347;87;481;831;855;270;108;375;887;454;667;199;312;75;559;150;338;387;304;628;917;483;318;854;10;406;452;382;665;726;435;621;955;765;161;72;30;972;396;114;733;515;556;362;355;593;700;358;983;894;529;637;261;204;371;486;95;550;94;178;513;705;440;744;392;69;57;376;451;345;31;489;490;19;712;561;814;675;947;209;174;381;536;857;8;368;795;603;189;662;134;330;653;549;608;762;373;645;937;343;211;516;444;537;422;806;500;322;172;764;927;386;464;470;900;340;861;210;442;383;460;44;236;605;884;571;898;738;976;363;691;575;684;650;981;353;611;523;411;965;296;344;925;595;938;692;822;455;201;904;696;295;162;329;548;83;478;32;47;136;342;17;504;84;65;619;196;848;998;789;200;766;107;533;493;632;969;394;232;659;818;433;6;303;995;290;638;66;732;601;104;907;314;216;805;182;714;24;116;804;301;217;644;418;26;222;482;262;616;145;615;510;328;891;599;102;573;876;18;28;154;942;721;91;745;896;773;813;25;918;730;590;771;545;727;954;280;86;994;197;389;469;398;728;755;589;323;864;676;43;263;792;415;724;508;121;698;157;689;702;356;775;403;945;923;137;285;512;214;348;810;786;958;647;13;487;479;89;874;790;434;634;888;743;877;767;905;55;703;992;1;234;253
layout:nlp:default:d15316c12eefdef1ba549eb433797f77,370;146;240;714;833;177;632;913;983;462;688;672;204;187;447;32;820;518;923;182;405;41;950;234;583;755;97;13;780;134;200;165;967;557;985;53;380;850;959;120;135;39;890;945;129;478;282;421;112;805;876;943;925;770;310;530;110;827;44;86;758;158;875;333;753;292;360;531;777;81;760;448;728;175;622;309;427;492;422;283;605;897;99;87;294;143;783;675;974;311;249;23;818;987;546;960;331;419;279;70;871;210;82;863;785;842;148;980;813;327;707;538;363;995;993;199;873;725;796;326;268;821;702;410;429;502;126;618;54;587;514;490;223;887;392;504;213;727;754;196;511;591;891;47;252;121;901;534;669;940;700;166;293;57;862;77;934;735;409;133;638;563;420;443;789;906;163;119;568;520;236;114;543;389;481;750;904;964;607;65;654;451;18;757;655;111;299;843;130;340;665;289;698;230;195;572;778;762;670;613;191;552;636;156;337;566;791;455;513;67;457;84;206;628;555;263;819;483;619;701;434;615;308;726;961;653;914;731;600;229;192;948;769;232;100;297;43;14;400;353;569;202;253;214;155;257;751;48;747;377;872;173;801;692;441;794;347;181;372;80;650;647;364;90;508;461;832;517;623;812;446;390;685;154;598;625;144;212;329;277;19;35;105;888;867;139;505;149;132;869;539;162;999;879;998;694;361;241;220;965;525;621;259;208;933;896;412;45;298;428;593;153;373;695;683;493;171;661;643;815;388;892;4;489;295;287;935;784;33;834;27;673;861;664;73;217;988;992;938;738;662;734;564;68;859;343;285;774;596;741;161;966;866;379;736;382;336;512;235;138;840;458;197;790;877;219;281;689;362;633;381;176;681;524;398;137;712;635;671;979;929;55;357;577;300;767;215;911;256;416;584;610;482;706;941;804;951;319;878;792;260;560;522;188;806;594;711;556;624;254;242;386;991;399;656;42;996;396;193;60;666;393;273;354;743;194;831;800;224;864;88;551;83;880;509;258;580;732;515;937;433;335;912;180;830;976;857;104;25;313;96;716;79;265;746;972;768;303;366;436;766;75;402;487;926;278;642;898;432;216;676;590;288;910;881;131;680;69;401;978;722;228;160;499;599;488;50;472;748;59;101;356;574;468;291;582;634;183;76;946;852;608;452;962;893;773;350;58;631;723;795;218;788;460;450;339;717;307;612;237;274;276;856;0;186;627;737;415;368;645;854;64;958;931;708;17;696;411;917;503;956;479;316;248;730;34;521;540;729;849;882;570;296;408;198;844;108;272;94;383;602;225;391;437;915;604;527;384;908;7;781;418;798;239;620;21;902;305;949;986;581;172;720;178;648;918;151;803;629;474;742;644;825;668;639;170;652;828;118;459;92;761;261;718;848;167;885;233;997;771;211;209;318;549;921;71;603;109;982;475;779;519;970;920;322;476;348;394;440;614;646;473;243;358;963;403;704;802;841;907;38;406;617;883;179;201;651;72;575;302;338;359;868;955;829;942;678;330;764;547;56;799;271;916;516;355;894;932;745;793;464;930;349;365;797;548;128;414;724;686;122;544;954;838;719;973;684;533;66;463;786;597;52;571;40;185;367;953;238;616;855;250;703;592;739;456;320;579;284;152;12;404;667;89;2;853;660;207;553;123;947;989;496;164;839;189;994;626;136;977;870;397;16;919;91;306;578;565;756;344;679;529;826;442;772;495;886;438;507;9;140;375;822;262;20;491;535;865;501;971;749;641;26;775;928;984;532;342;222;810;709;324;24;454;606;823;691;752;466;314;115;346;663;245;264;682;124;936;900;697;439;922;585;125;465;407;674;733;11;740;981;36;589;30;765;968;905;744;835;693;576;860;321;334;927;467;317;85;435;290;817;351;484;470;595;150;990;205;924;657;269;169;246;526;444;477;426;909;1;61;677;190;22;609;424;168;231;497;824;952;417;874;430;323;106;687;637;103;328;15;541;280;944;226;858;37;808;385;221;413;561;371;939;471;227;715;895;884;286;559;776;899;325;649;107;49;425;147;710;431;640;31;787;500;304;486;759;312;266;6;611;93;969;345;3;332;251;567;975;836;203;845;485;690;782;301;387;8;29;536;554;159;51;267;63;814;113;658;811;116;157;523;601;837;141;255;28;506;95;469;809;847;5;494;78;10;395;480;889;630;903;573;374;378;62;247;275;586;142;763;537;244;369;449;588;145;816;851;315;423;705;957;352;659;542;558;74;713;270;102;117;46;721;498;807;453;376;341;174;184;562;846;127;445;550;699;98;528;545;510
layout:nlp:default:7f6284ebe027b1e9a3850fc703858a59,873;852;280;845;733;316;11;550;687;881;703;381;748;9;458;290;166;797;152;837;814;89;127;206;658;337;722;24;582;431;248;716;286;773;634;217;486;435;697;469;409;125;804;779;794;31;269;88;323;513;219;395;216;293;2;215;198;239;46;978;384;543;481;105;53;10;800;758;487;563;829;512;735;208;332;16;464;448;489;785;904;573;616;367;253;161;923;522;169;750;767;660;209;955;361;314;638;421;664;159;599;597;917;791;530;17;568;960;864;590;172;549;158;654;956;133;131;108;477;19;204;201;843;927;691;898;33;869;7;973;858;705;356;821;37;382;809;345;820;40;78;50;537;714;516;826;935;644;143;328;402;995;203;538;354;933;390;679;294;141;496;617;625;21;362;44;117;567;692;287;242;801;483;278;262;544;32;740;570;899;734;981;259;463;336;841;349;648;619;700;606;951;910;231;706;199;72;235;397;564;759;459;470;281;509;277;360;656;742;695;145;295;186;938;574;103;608;666;476;495;831;812;232;3;682;407;808;419;650;842;279;683;343;871;618;541;189;183;844;942;896;780;870;365;282;244;924;110;893;743;296;562;12;521;891;793;134;945;252;61;15;545;375;77;944;205;657;908;385;721;374;622;54;642;707;884;605;275;952;268;129;45;111;245;474;542;708;736;540;447;200;763;974;686;6;95;160;344;388;195;187;223;118;20;309;849;149;934;781;607;171;283;190;915;525;920;603;322;817;285;986;959;165;621;182;116;359;357;919;586;926;320;559;546;396;207;907;237;485;789;157;824;276;91;226;636;602;70;566;629;838;604;76;284;868;371;640;579;444;213;788;547;197;351;492;819;324;94;677;491;741;292;670;148;488;18;718;637;768;925;260;22;676;772;0;478;254;856;732;848;726;406;671;96;968;408;380;307;391;304;693;958;998;941;432;855;229;372;68;596;905;709;301;255;962;514;612;678;299;529;890;565;8;997;67;776;306;711;466;507;877;392;667;313;589;774;885;786;662;181;128;576;760;585;39;982;81;147;274;102;451;771;690;497;770;775;633;258;250;850;257;751;518;560;672;961;894;745;236;835;430;957;417;811;652;532;175;674;266;903;249;620;327;756;221;645;613;440;940;85;724;401;796;584;526;859;311;694;59;256;551;577;437;583;326;725;571;675;468;520;71;757;635;418;25;749;84;875;452;52;737;985;840;65;766;727;416;325;799;932;347;330;415;701;193;784;29;192;825;510;851;368;383;906;400;412;352;106;150;424;267;211;746;164;581;614;303;500;531;992;210;795;575;288;318;685;14;909;595;744;184;833;225;156;302;963;348;827;610;43;964;517;632;373;126;472;991;502;185;498;475;916;515;880;752;888;310;647;558;66;872;839;457;828;168;710;552;527;931;984;798;719;92;806;630;627;107;132;119;762;398;329;414;777;805;681;151;713;948;484;704;240;47;646;63;212;480;807;853;623;449;764;950;739;113;369;38;554;137;680;130;684;136;247;30;87;124;949;139;123;778;79;364;135;598;363;271;410;505;534;58;971;341;454;979;892;55;989;353;886;188;659;624;335;643;699;191;990;755;428;48;272;297;572;312;876;340;308;101;578;5;273;969;441;366;214;887;379;535;153;411;238;594;298;194;900;471;34;358;467;405;439;465;830;170;26;661;4;556;246;519;878;803;539;591;13;895;36;493;179;499;438;423;300;178;783;769;60;233;455;315;823;601;533;82;965;912;696;202;114;453;162;555;754;765;918;587;922;270;27;228;490;177;937;404;508;639;561;115;813;163;403;673;97;902;897;224;460;41;243;425;234;104;442;999;196;227;57;1;90;121;863;689;921;879;263;611;434;23;220;668;929;882;528;860;350;83;987;426;901;790;649;723;338;911;433;321;100;501;847;479;445;261;450;112;167;846;35;729;511;386;943;264;862;946;698;832;818;815;977;339;334;615;822;436;792;218;996;865;834;653;144;389;422;289;317;936;99;651;874;73;953;427;939;994;394;738;429;462;883;867;251;715;69;64;580;494;265;377;600;975;473;456;291;930;702;387;631;346;74;446;399;98;230;983;836;355;663;655;914;378;854;665;980;482;787;51;628;154;28;970;174;548;146;138;86;588;504;731;342;593;626;802;443;592;176;669;747;712;753;122;720;506;109;413;569;331;503;370;393;717;730;536;333;947;761;913;49;857;56;782;319;523;728;557;609;972;810;967;140;461;553;173;641;928;222;688;993;988;861;142;42;976;524;241;954;816;966;93;376;889;866;62;305;120;80;75;420;180;155
layout:nlp:default:32531d07a084b319dce484f53a4cf3fc,783;970;886;490;987;235;863;709;829;442;488;135;76;128;365;358;284;761;357;82;274;644;144;3;635;815;930;632;257;820;607;744;445;654;221;376;39;23;576;332;747;151;898;93;631;675;539;889;648;741;191;187;6;326;37;322;95;383;547;652;229;124;457;491;957;591;189;805;272;162;458;136;868;666;200;185;743;848;961;448;338;693;526;757;439;241;36;602;611;793;857;360;996;468;495;38;651;813;822;717;147;732;964;496;480;789;738;978;520;859;79;150;777;281;989;679;509;882;363;880;256;171;427;233;31;407;447;397;373;431;170;67;146;969;963;895;701;306;443;938;784;344;619;155;936;792;826;269;87;472;770;130;309;620;665;204;72;835;498;371;142;604;78;712;678;623;315;614;549;748;736;814;413;230;807;986;499;643;85;437;541;555;953;754;529;920;132;105;294;141;660;446;164;337;470;26;261;985;865;434;210;420;223;954;647;89;65;47;596;698;140;399;220;263;791;311;111;669;851;584;243;704;247;742;532;912;553;750;855;765;525;345;670;45;449;530;511;832;871;391;339;753;400;728;554;178;74;66;377;116;618;404;798;697;195;919;450;931;927;559;655;181;409;99;687;946;903;228;843;673;722;972;852;514;626;837;160;421;639;703;35;570;341;52;479;412;96;921;548;497;7;168;690;778;17;661;638;841;425;165;597;372;641;874;762;117;787;561;737;348;287;138;217;944;552;328;51;810;86;941;710;616;739;203;282;30;856;114;504;41;386;125;824;464;251;118;990;705;324;143;581;34;299;721;578;148;15;876;75;301;406;785;112;971;312;811;998;40;544;510;102;642;10;423;438;795;131;319;54;723;733;577;883;53;393;991;817;600;630;342;234;983;270;481;71;979;410;905;154;81;522;653;937;387;436;801;715;63;382;253;346;236;207;29;392;340;152;120;922;725;729;240;462;213;28;113;683;546;782;208;398;226;43;279;25;866;401;708;973;325;918;33;535;115;403;929;763;567;466;846;628;440;313;545;668;924;388;572;318;566;610;218;977;14;166;255;659;906;369;802;429;714;877;988;180;266;542;766;719;838;974;534;91;275;775;316;107;441;711;215;435;77;864;916;56;350;380;713;967;891;158;515;59;172;24;474;196;451;336;821;858;707;4;106;417;516;149;904;896;828;947;875;536;788;300;83;129;955;934;250;290;153;800;454;455;167;433;803;608;432;321;430;556;718;302;606;681;222;537;212;268;362;579;564;796;667;523;593;692;573;323;177;227;860;415;840;812;926;258;61;781;981;968;476;640;662;303;583;689;818;582;730;580;465;950;563;528;379;879;622;925;219;980;663;867;246;259;901;853;627;385;27;298;745;932;486;395;286;502;586;731;997;942;390;995;20;347;854;893;752;50;772;505;334;460;280;587;809;849;672;779;521;939;214;650;359;794;808;366;139;892;887;92;519;917;897;780;872;194;637;884;276;527;506;671;422;461;134;375;910;862;878;163;657;307;119;42;456;368;305;914;0;649;121;869;834;381;928;267;976;18;962;123;949;101;684;615;646;426;786;60;55;292;80;550;424;16;211;216;716;562;915;179;295;613;57;769;952;353;188;598;633;603;861;768;836;343;588;354;881;533;965;90;483;414;289;32;232;595;402;428;49;308;487;416;475;351;844;797;12;478;84;98;935;186;830;264;245;899;686;940;156;278;740;11;173;265;108;966;982;62;335;758;634;823;543;746;126;759;806;804;389;658;994;625;291;756;790;288;574;501;329;459;174;471;238;1;13;242;590;727;467;310;252;137;557;699;127;209;890;773;774;100;248;9;492;199;244;621;696;512;720;568;463;755;601;870;320;384;485;992;958;110;524;764;182;494;734;271;493;330;317;331;283;565;122;231;833;513;540;349;193;224;558;69;405;44;133;484;629;943;845;477;908;183;482;751;352;469;364;656;453;594;201;452;273;184;355;161;842;664;873;599;571;825;367;850;206;254;945;907;503;293;262;145;933;507;109;48;645;799;688;304;569;911;909;735;551;636;760;819;19;64;993;94;5;396;21;314;190;827;816;249;378;518;97;700;2;585;333;609;394;411;327;500;531;361;419;984;617;888;960;691;680;260;694;560;408;706;956;473;198;175;589;724;975;749;592;202;58;726;612;237;538;767;159;999;885;169;517;959;205;444;685;418;73;296;176;104;839;489;277;239;771;297;370;948;902;46;508;197;951;605;776;157;68;356;900;847;8;674;22;894;913;923;575;831;624;285;702;103;225;88;374;676;677;70;682;695;192
layout:nlp:default:23559853d9702baaaacbb0c83fd32266,445;475;104;488;496;688;775;383;405;11;246;218;140;666;35;650;98;963;518;671;668;822;77;999;220;584;859;606;811;964;226;920;373;171;686;631;983;242;374;905;211;897;577;567;309;676;888;723;23;212;396;658;85;392;352;312;183;223;203;67;434;614;524;731;855;124;891;613;33;912;989;632;368;31;489;525;529;147;310;605;659;592;827;110;237;532;764;925;499;256;843;144;84;720;990;325;738;854;64;638;196;463;304;428;497;249;97;699;412;241;164;487;486;946;707;333;617;0;417;277;62;407;200;470;950;408;153;691;618;712;876;660;217;479;864;81;101;828;926;825;978;478;564;797;197;91;202;814;347;375;270;881;95;142;768;40;916;279;581;52;501;757;275;603;88;523;424;385;342;49;917;136;252;259;48;351;895;557;480;306;549;485;530;195;835;536;887;643;398;293;516;394;138;626;635;800;401;240;504;885;673;805;119;452;542;313;353;302;781;94;254;766;423;291;906;441;514;924;788;477;426;722;324;467;848;994;349;26;294;545;857;258;182;505;32;933;207;175;711;841;472;882;447;131;72;810;695;466;34;991;878;317;106;820;965;391;493;756;760;177;809;714;278;865;942;717;771;793;648;157;831;105;511;2;176;168;733;690;491;257;817;74;443;150;376;761;908;273;851;903;931;520;947;595;135;103;956;20;790;214;972;476;16;180;667;955;813;169;384;997;221;601;773;941;495;737;366;250;570;47;286;283;655;986;703;870;455;109;245;397;122;679;450;230;913;126;587;778;148;572;974;61;437;561;952;508;736;127;128;502;42;860;715;274;247;388;867;633;78;331;178;799;979;118;75;807;146;125;710;316;137;845;875;482;751;160;534;582;99;100;969;416;194;849;509;791;464;448;361;59;770;852;812;630;872;165;359;819;515;943;982;910;909;661;143;55;970;369;111;623;670;636;879;19;975;90;303;431;558;535;904;410;367;163;460;767;271;772;132;568;856;818;803;282;10;25;644;896;725;370;112;269;457;4;884;152;228;569;877;940;57;22;172;239;190;272;161;393;335;795;264;471;727;38;552;390;387;758;133;154;149;869;66;513;674;319;453;555;981;129;512;954;600;521;967;198;745;318;830;46;716;102;782;821;980;692;839;329;740;517;344;734;356;750;29;663;566;619;340;902;709;498;474;159;454;968;357;927;551;641;837;415;411;287;295;332;80;297;381;526;389;531;402;951;541;395;647;718;752;380;484;404;403;730;139;192;377;995;961;677;739;362;79;281;642;915;70;3;604;409;425;880;238;873;438;560;458;490;960;354;267;506;610;743;629;680;268;296;116;689;598;378;763;507;355;576;744;628;285;43;705;225;326;993;199;622;360;861;45;597;590;949;229;87;858;290;213;649;901;988;216;609;173;684;607;651;236;92;792;840;442;550;358;977;193;462;44;620;233;379;724;579;123;611;336;806;786;929;350;548;998;562;934;664;341;844;13;945;338;156;762;24;959;224;436;219;824;399;6;759;706;465;53;833;167;575;948;69;117;702;921;886;914;838;769;789;334;414;546;93;5;73;330;755;573;308;802;697;538;796;547;307;842;439;693;365;151;932;82;808;364;284;1;30;208;227;41;721;186;556;602;640;113;637;753;719;774;386;700;251;206;883;311;657;444;89;798;18;56;596;911;188;935;339;71;621;543;612;189;280;866;158;96;653;15;726;7;976;314;580;406;12;451;785;432;481;60;27;958;248;305;255;181;847;559;292;266;571;971;816;114;984;863;589;748;83;732;540;400;469;779;966;834;519;503;115;871;701;260;261;776;21;918;166;894;646;687;382;371;130;298;492;187;263;784;585;528;890;68;63;345;615;483;746;301;832;179;231;141;232;134;533;634;652;783;205;794;996;76;698;741;289;645;9;107;191;222;765;862;449;440;669;728;537;253;234;244;544;456;627;672;185;348;210;836;675;446;578;639;625;936;868;742;162;300;288;829;413;665;320;681;704;708;539;429;461;36;418;662;50;494;696;527;747;209;907;682;826;155;328;276;922;184;322;522;685;58;121;729;588;749;265;510;593;780;987;108;243;421;804;985;892;992;51;944;372;654;574;28;815;473;937;65;586;683;616;889;754;899;327;321;850;898;930;777;735;323;599;17;235;678;957;893;939;170;608;656;973;928;262;565;694;39;201;962;823;204;583;145;713;37;923;419;919;563;86;801;846;938;346;337;174;853;553;787;624;215;14;594;422;315;900;874;54;435;433;554;299;120;343;363;953;459;500;430;420;591;468;8;427
layout:nlp:default:71b79ca6db513e7979c3702c595150c2,12;170;530;251;682;533;653;833;994;156;759;239;132;926;708;328;93;568;109;453;397;46;512;644;668;956;295;217;718;67;233;384;492;902;108;882;713;302;203;8;81;10;137;73;853;234;415;401;603;823;650;855;972;953;229;671;256;379;272;451;475;40;559;806;231;439;477;14;615;212;819;59;488;318;456;574;566;609;907;851;876;846;673;930;598;478;862;467;985;134;136;286;195;858;277;0;787;957;904;997;198;455;605;896;148;979;793;740;167;31;655;821;24;616;261;213;540;464;56;225;778;52;253;5;130;993;560;19;776;345;298;845;635;249;583;200;612;758;21;990;947;818;9;438;601;395;952;751;578;729;111;977;319;547;973;189;218;757;290;248;315;798;37;670;871;51;550;781;761;306;884;266;204;428;440;310;337;690;144;274;919;242;694;227;125;864;351;538;925;366;746;380;78;157;720;772;425;123;57;867;322;293;625;747;325;26;974;563;800;340;184;100;63;706;86;553;311;402;636;452;735;120;237;444;289;731;799;487;409;235;279;704;417;392;518;80;848;433;312;808;995;193;978;422;831;378;219;190;789;913;762;151;183;999;714;165;521;188;102;282;825;424;534;587;505;709;792;786;702;135;879;936;202;886;626;288;405;545;296;419;638;944;965;698;600;146;803;299;770;971;255;469;107;275;54;211;685;314;927;486;659;367;90;472;269;414;283;416;394;672;493;703;542;377;1;766;263;719;502;549;224;91;232;773;320;539;701;142;241;648;305;223;94;890;87;95;541;499;159;602;191;350;775;513;38;28;264;504;447;429;210;441;531;140;307;866;664;557;105;197;624;68;58;744;617;910;599;490;631;954;495;645;688;313;829;300;376;963;141;152;642;840;813;610;149;374;122;262;391;373;403;393;247;622;349;839;968;420;872;69;155;629;554;630;942;468;680;908;748;254;548;32;869;410;201;292;185;404;640;76;168;943;498;895;164;448;916;909;238;127;555;933;874;3;321;810;471;348;722;742;103;75;387;85;584;129;303;186;35;660;329;259;881;931;343;570;267;88;576;544;802;980;27;736;771;765;749;196;905;561;524;674;643;883;358;273;154;271;912;898;270;175;593;677;577;986;961;923;162;946;60;887;641;437;104;473;807;595;996;435;790;150;696;633;133;667;998;280;527;515;941;421;23;938;179;332;245;873;838;361;333;564;458;48;192;989;834;727;407;767;594;339;466;900;656;589;711;675;981;987;737;98;805;481;779;951;117;960;408;43;208;33;338;158;70;901;756;649;585;20;607;483;935;842;865;79;847;795;652;812;950;785;171;166;878;686;11;724;220;506;364;169;500;716;360;676;700;507;962;918;494;257;44;236;697;892;413;172;50;777;106;924;516;558;811;316;96;459;372;344;460;552;794;822;180;850;893;359;745;49;215;763;921;809;97;661;861;885;975;484;683;684;205;297;462;791;84;476;665;412;352;693;65;582;658;556;856;739;222;206;596;457;728;689;153;116;99;330;546;511;532;523;619;849;427;390;877;551;15;7;852;430;64;514;365;398;715;347;276;976;385;463;741;432;836;240;163;355;755;820;62;832;13;535;620;418;608;920;194;112;707;265;382;623;446;246;128;113;628;788;984;388;47;465;955;928;637;291;699;18;679;53;752;101;304;590;346;284;606;797;888;573;323;480;536;461;897;863;710;592;868;816;177;824;621;768;929;326;796;750;30;341;835;36;966;216;41;118;281;160;45;922;754;369;454;17;187;356;327;252;357;854;588;830;368;139;857;614;324;406;336;528;734;988;4;969;370;914;769;71;244;692;917;25;331;634;837;82;725;537;815;860;859;443;613;529;482;228;934;42;783;743;207;712;723;83;827;178;77;663;126;651;431;131;903;983;363;371;496;571;575;260;74;72;92;491;124;880;423;911;22;258;844;508;774;489;894;581;992;383;784;991;294;230;964;353;949;509;591;121;678;915;669;89;526;945;334;967;426;119;891;434;354;497;308;562;386;6;161;445;826;646;733;804;61;970;29;604;937;399;510;362;870;543;760;226;732;517;572;647;400;939;55;250;801;525;485;301;889;182;221;717;16;474;662;114;335;309;681;278;565;948;932;586;66;436;982;687;285;618;147;115;173;342;580;243;442;449;567;39;145;143;389;450;632;317;522;411;780;110;214;959;396;381;479;753;181;906;899;174;691;34;726;268;695;940;176;2;470;738;657;705;375;764;569;828;841;503;597;654;209;579;730;287;501;843;520;611;199;639;958;666;721;875;627;138;814;817;519;782
